"F_AREA","FID","F_LEVEL","F_CODE","F_STATUS","OCEAN","SUBOCEAN","F_SUBAREA","F_DIVISION","F_SUBDIVIS","F_SUBUNIT","SURFACE","Name_en","Name_fr","Name_es","Ocean_Group","Major_Group","FARegion_Group","Nospecies"
"18",1,"MAJOR","18",1,"Arctic","1",NA,NA,NA,NA,9318442505452.04,"Arctic Sea","Mer Arctique","Mar Ártico","Atlantic Ocean and adjacent seas","Arctic Sea","Northern regions",6
"61",2,"MAJOR","61",1,"Pacific","6",NA,NA,NA,NA,21549531606134,"Pacific, Northwest","Pacifique, nord-ouest","Pacífico, noroeste","Pacific Ocean","NW Pacific","Northern regions",262
"67",3,"MAJOR","67",1,"Pacific","6",NA,NA,NA,NA,7657120405014.41,"Pacific, Northeast","Pacifique, nord-est","Pacífico, nordeste","Pacific Ocean","NE Pacific","Northern regions",37
"37",4,"MAJOR","37",1,"Atlantic","3",NA,NA,NA,NA,2995430924977.33,"Mediterranean and Black Sea","Méditerranée et mer Noire","Mediterráneo y Mar Negro","Atlantic Ocean and adjacent seas","Mediterran.","Central regions",76
"27",5,"MAJOR","27",1,"Atlantic","2",NA,NA,NA,NA,14421539921518,"Atlantic, Northeast","Atlantique, nord-est","Atlántico, nordeste","Atlantic Ocean and adjacent seas","NE Atlantic","Northern regions",120
"31",6,"MAJOR","31",1,"Atlantic","3",NA,NA,NA,NA,14616418013822.9,"Atlantic, Western Central","Atlantique, centre-ouest","Atlántico, centro-occidental","Atlantic Ocean and adjacent seas","WC Atlantic","Central regions",174
"34",7,"MAJOR","34",1,"Atlantic","3",NA,NA,NA,NA,14076247812322.8,"Atlantic, Eastern Central","Atlantique, centre-est","Atlántico, centro-oriental","Atlantic Ocean and adjacent seas","EC Atlantic","Central regions",156
"51",8,"MAJOR","51",1,"Indian","5",NA,NA,NA,NA,29348918172302.5,"Indian Ocean, Western","Océan Indien, ouest","Océano Índico, occidental","Indian Ocean","W Indian O.","Central regions",217
"57",9,"MAJOR","57",1,"Indian","5",NA,NA,NA,NA,31178758241639.9,"Indian Ocean, Eastern","Océan Indien, est","Océano Índico, oriental","Indian Ocean","E Indian O.","Central regions",317
"71",10,"MAJOR","71",1,"Pacific","7",NA,NA,NA,NA,33237091406865.6,"Pacific, Western Central","Pacifique, centre-ouest","Pacífico, centro-occidental","Pacific Ocean","WC Pacific","Central regions",302
"87",11,"MAJOR","87",1,"Pacific","8",NA,NA,NA,NA,30769297541183.4,"Pacific, Southeast","Pacifique, sud-est","Pacífico, sudoriental","Pacific Ocean","SE Pacific","Southern regions",138
"41",12,"MAJOR","41",1,"Atlantic","4",NA,NA,NA,NA,17537943287900.7,"Atlantic, Southwest","Atlantique, sud-ouest","Atlántico, sudoccidental","Atlantic Ocean and adjacent seas","SW Atlantic","Southern regions",157
"81",13,"MAJOR","81",1,"Pacific","8",NA,NA,NA,NA,27680246726889.1,"Pacific, Southwest","Pacifique, sud-ouest","Pacífico, sudoccidental","Pacific Ocean","SW Pacific","Southern regions",184
"58",14,"MAJOR","58",1,"Indian","10",NA,NA,NA,NA,12818684232104,"Indian Ocean, Antarctic","Océan Indien, Antarctique","Océano Índico, Antártico","Southern Ocean","Ind.antarctc","Southern regions",11
"48",15,"MAJOR","48",1,"Atlantic","9",NA,NA,NA,NA,12552650726075.9,"Atlantic, Antarctic","Atlantique, Antarctique","Atlántico, Antártico","Southern Ocean","Atl.antarctc","Southern regions",6
"88",16,"MAJOR","88",1,"Pacific","11",NA,NA,NA,NA,10307242831466.6,"Pacific, Antarctic","Pacifique, Antarctique","Pacífico, Antártico","Southern Ocean","Pac.antarctc","Southern regions",3
"77",17,"MAJOR","77",1,"Pacific","7",NA,NA,NA,NA,48106170738073.9,"Pacific, Eastern Central","Pacifique, centre-est","Pacífico, centro-oriental","Pacific Ocean","EC Pacific","Central regions",142
"47",18,"MAJOR","47",1,"Atlantic","4",NA,NA,NA,NA,18342377690817.6,"Atlantic, Southeast","Atlantique, sud-est","Atlántico, sudoriental","Atlantic Ocean and adjacent seas","SE Atlantic","Southern regions",154
"21",19,"MAJOR","21",1,"Atlantic","2",NA,NA,NA,NA,6300776037120.86,"Atlantic, Northwest","Atlantique, nord-ouest","Atlántico, noroeste","Atlantic Ocean and adjacent seas","NW Atlantic","Northern regions",84
"37",20,"SUBAREA","37.4",1,"Atlantic","3","37.4",NA,NA,NA,475396678200.509,"Mediterranean and Black Sea","Méditerranée et mer Noire","Mediterráneo y Mar Negro","Atlantic Ocean and adjacent seas","Mediterran.","Central regions",39
"37",21,"SUBAREA","37.1",1,"Atlantic","3","37.1",NA,NA,NA,844632955740.409,"Mediterranean and Black Sea","Méditerranée et mer Noire","Mediterráneo y Mar Negro","Atlantic Ocean and adjacent seas","Mediterran.","Central regions",73
"27",22,"SUBAREA","27.12",1,"Atlantic","2","27.12",NA,NA,NA,2148033151326.89,"Atlantic, Northeast","Atlantique, nord-est","Atlántico, nordeste","Atlantic Ocean and adjacent seas","NE Atlantic","Northern regions",25
"37",23,"SUBAREA","37.2",1,"Atlantic","3","37.2",NA,NA,NA,945010331956.399,"Mediterranean and Black Sea","Méditerranée et mer Noire","Mediterráneo y Mar Negro","Atlantic Ocean and adjacent seas","Mediterran.","Central regions",68
"37",24,"SUBAREA","37.3",1,"Atlantic","3","37.3",NA,NA,NA,730390941737.714,"Mediterranean and Black Sea","Méditerranée et mer Noire","Mediterráneo y Mar Negro","Atlantic Ocean and adjacent seas","Mediterran.","Central regions",58
"34",26,"SUBAREA","34.2",1,"Atlantic","3","34.2",NA,NA,NA,3476765375247.99,"Atlantic, Eastern Central","Atlantique, centre-est","Atlántico, centro-oriental","Atlantic Ocean and adjacent seas","EC Atlantic","Central regions",18
"34",27,"SUBAREA","34.1",1,"Atlantic","3","34.1",NA,NA,NA,1383347033256.44,"Atlantic, Eastern Central","Atlantique, centre-est","Atlántico, centro-oriental","Atlantic Ocean and adjacent seas","EC Atlantic","Central regions",128
"51",29,"SUBAREA","51.2",1,"Indian","5","51.2",NA,NA,NA,241833704914.95,"Indian Ocean, Western","Océan Indien, ouest","Océano Índico, occidental","Indian Ocean","W Indian O.","Central regions",45
"57",30,"SUBAREA","57.1",1,"Indian","5","57.1",NA,NA,NA,3557084030815.17,"Indian Ocean, Eastern","Océan Indien, est","Océano Índico, oriental","Indian Ocean","E Indian O.","Central regions",119
"34",35,"SUBAREA","34.4",1,"Atlantic","3","34.4",NA,NA,NA,4719250487141.57,"Atlantic, Eastern Central","Atlantique, centre-est","Atlántico, centro-oriental","Atlantic Ocean and adjacent seas","EC Atlantic","Central regions",15
"34",36,"SUBAREA","34.3",1,"Atlantic","3","34.3",NA,NA,NA,4496884916478.78,"Atlantic, Eastern Central","Atlantique, centre-est","Atlántico, centro-oriental","Atlantic Ocean and adjacent seas","EC Atlantic","Central regions",123
"51",43,"SUBAREA","51.5",1,"Indian","5","51.5",NA,NA,NA,5194450830092.38,"Indian Ocean, Western","Océan Indien, ouest","Océano Índico, occidental","Indian Ocean","W Indian O.","Central regions",90
"87",44,"SUBAREA","87.1",1,"Pacific","8","87.1",NA,NA,NA,11919797917111.7,"Pacific, Southeast","Pacifique, sud-est","Pacífico, sudoriental","Pacific Ocean","SE Pacific","Southern regions",103
"41",46,"SUBAREA","41.1",1,"Atlantic","4","41.1",NA,NA,NA,5825792979689.91,"Atlantic, Southwest","Atlantique, sud-ouest","Atlántico, sudoccidental","Atlantic Ocean and adjacent seas","SW Atlantic","Southern regions",84
"57",47,"SUBAREA","57.2",1,"Indian","5","57.2",NA,NA,NA,6023824260128.21,"Indian Ocean, Eastern","Océan Indien, est","Océano Índico, oriental","Indian Ocean","E Indian O.","Central regions",88
"51",50,"SUBAREA","51.6",1,"Indian","5","51.6",NA,NA,NA,2797224142033.91,"Indian Ocean, Western","Océan Indien, ouest","Océano Índico, occidental","Indian Ocean","W Indian O.","Central regions",93
"51",51,"SUBAREA","51.7",1,"Indian","5","51.7",NA,NA,NA,11630169165672.2,"Indian Ocean, Western","Océan Indien, ouest","Océano Índico, occidental","Indian Ocean","W Indian O.","Central regions",46
"51",53,"SUBAREA","51.8",1,"Indian","5","51.8",NA,NA,NA,2273067395554.84,"Indian Ocean, Western","Océan Indien, ouest","Océano Índico, occidental","Indian Ocean","W Indian O.","Central regions",133
"57",54,"SUBAREA","57.5",1,"Indian","5","57.5",NA,NA,NA,3849615794779.89,"Indian Ocean, Eastern","Océan Indien, est","Océano Índico, oriental","Indian Ocean","E Indian O.","Central regions",240
"57",55,"SUBAREA","57.3",1,"Indian","5","57.3",NA,NA,NA,6675822009636.72,"Indian Ocean, Eastern","Océan Indien, est","Océano Índico, oriental","Indian Ocean","E Indian O.","Central regions",20
"87",56,"SUBAREA","87.2",1,"Pacific","8","87.2",NA,NA,NA,10996382898277,"Pacific, Southeast","Pacifique, sud-est","Pacífico, sudoriental","Pacific Ocean","SE Pacific","Southern regions",72
"41",57,"SUBAREA","41.2",1,"Atlantic","4","41.2",NA,NA,NA,6664626356834.14,"Atlantic, Southwest","Atlantique, sud-ouest","Atlántico, sudoccidental","Atlantic Ocean and adjacent seas","SW Atlantic","Southern regions",128
"57",62,"SUBAREA","57.4",1,"Indian","5","57.4",NA,NA,NA,9556462240616.21,"Indian Ocean, Eastern","Océan Indien, est","Océano Índico, oriental","Indian Ocean","E Indian O.","Central regions",15
"87",64,"SUBAREA","87.3",1,"Pacific","8","87.3",NA,NA,NA,7853116729222.12,"Pacific, Southeast","Pacifique, sud-est","Pacífico, sudoriental","Pacific Ocean","SE Pacific","Southern regions",31
"58",66,"SUBAREA","58.7",1,"Indian","10","58.7",NA,NA,NA,586186085934.547,"Indian Ocean, Antarctic","Océan Indien, Antarctique","Océano Índico, Antártico","Southern Ocean","Ind.antarctc","Southern regions",3
"58",67,"SUBAREA","58.6",1,"Indian","10","58.6",NA,NA,NA,669632660330.872,"Indian Ocean, Antarctic","Océan Indien, Antarctique","Océano Índico, Antártico","Southern Ocean","Ind.antarctc","Southern regions",3
"58",68,"SUBAREA","58.5",1,"Indian","10","58.5",NA,NA,NA,1738077451528.89,"Indian Ocean, Antarctic","Océan Indien, Antarctique","Océano Índico, Antártico","Southern Ocean","Ind.antarctc","Southern regions",5
"41",70,"SUBAREA","41.3",1,"Atlantic","4","41.3",NA,NA,NA,5047523955500.72,"Atlantic, Southwest","Atlantique, sud-ouest","Atlántico, sudoccidental","Atlantic Ocean and adjacent seas","SW Atlantic","Southern regions",59
"27",71,"SUBAREA","27.10",1,"Atlantic","2","27.10",NA,NA,NA,2642810622882.62,"Atlantic, Northeast","Atlantique, nord-est","Atlántico, nordeste","Atlantic Ocean and adjacent seas","NE Atlantic","Northern regions",36
"27",72,"SUBAREA","27.9",1,"Atlantic","2","27.9",NA,NA,NA,635608202902.848,"Atlantic, Northeast","Atlantique, nord-est","Atlántico, nordeste","Atlantic Ocean and adjacent seas","NE Atlantic","Northern regions",84
"48",73,"SUBAREA","48.3",1,"Atlantic","9","48.3",NA,NA,NA,1029730102656.6,"Atlantic, Antarctic","Atlantique, Antarctique","Atlántico, Antártico","Southern Ocean","Atl.antarctc","Southern regions",4
"48",74,"SUBAREA","48.4",1,"Atlantic","9","48.4",NA,NA,NA,944872479638.008,"Atlantic, Antarctic","Atlantique, Antarctique","Atlántico, Antártico","Southern Ocean","Atl.antarctc","Southern regions",1
"58",75,"SUBAREA","58.4",1,"Indian","10","58.4",NA,NA,NA,9824788034309.74,"Indian Ocean, Antarctic","Océan Indien, Antarctique","Océano Índico, Antártico","Southern Ocean","Ind.antarctc","Southern regions",4
"48",76,"SUBAREA","48.2",1,"Atlantic","9","48.2",NA,NA,NA,856054420234.396,"Atlantic, Antarctic","Atlantique, Antarctique","Atlántico, Antártico","Southern Ocean","Atl.antarctc","Southern regions",3
"88",77,"SUBAREA","88.1",1,"Pacific","11","88.1",NA,NA,NA,3031030744827.14,"Pacific, Antarctic","Pacifique, Antarctique","Pacífico, Antártico","Southern Ocean","Pac.antarctc","Southern regions",3
"88",78,"SUBAREA","88.3",1,"Pacific","11","88.3",NA,NA,NA,2258049036554.68,"Pacific, Antarctic","Pacifique, Antarctique","Pacífico, Antártico","Southern Ocean","Pac.antarctc","Southern regions",1
"48",79,"SUBAREA","48.1",1,"Atlantic","9","48.1",NA,NA,NA,672393238326.294,"Atlantic, Antarctic","Atlantique, Antarctique","Atlántico, Antártico","Southern Ocean","Atl.antarctc","Southern regions",3
"51",80,"SUBAREA","51.3",1,"Indian","5","51.3",NA,NA,NA,1855577405259.46,"Indian Ocean, Western","Océan Indien, ouest","Océano Índico, occidental","Indian Ocean","W Indian O.","Central regions",89
"51",81,"SUBAREA","51.1",1,"Indian","5","51.1",NA,NA,NA,460284511328.477,"Indian Ocean, Western","Océan Indien, ouest","Océano Índico, occidental","Indian Ocean","W Indian O.","Central regions",56
"57",84,"SUBAREA","57.6",1,"Indian","5","57.6",NA,NA,NA,1515949882158.49,"Indian Ocean, Eastern","Océan Indien, est","Océano Índico, oriental","Indian Ocean","E Indian O.","Central regions",107
"51",85,"SUBAREA","51.4",1,"Indian","5","51.4",NA,NA,NA,4896310961249.07,"Indian Ocean, Western","Océan Indien, ouest","Océano Índico, occidental","Indian Ocean","W Indian O.","Central regions",107
"48",87,"SUBAREA","48.6",1,"Atlantic","9","48.6",NA,NA,NA,6423317525295.55,"Atlantic, Antarctic","Atlantique, Antarctique","Atlántico, Antártico","Southern Ocean","Atl.antarctc","Southern regions",1
"48",88,"SUBAREA","48.5",1,"Atlantic","9","48.5",NA,NA,NA,2626282939566.87,"Atlantic, Antarctic","Atlantique, Antarctique","Atlántico, Antártico","Southern Ocean","Atl.antarctc","Southern regions",1
"88",89,"SUBAREA","88.2",1,"Pacific","11","88.2",NA,NA,NA,5018152913465.22,"Pacific, Antarctic","Pacifique, Antarctique","Pacífico, Antártico","Southern Ocean","Pac.antarctc","Southern regions",1
"47",90,"SUBAREA","47.A",1,"Atlantic","4","47.A",NA,NA,NA,4908631862396.99,"Atlantic, Southeast","Atlantique, sud-est","Atlántico, sudoriental","Atlantic Ocean and adjacent seas","SE Atlantic","Southern regions",17
"21",91,"SUBAREA","21.1",1,"Atlantic","2","21.1",NA,NA,NA,999281603000.911,"Atlantic, Northwest","Atlantique, nord-ouest","Atlántico, noroeste","Atlantic Ocean and adjacent seas","NW Atlantic","Northern regions",13
"21",92,"SUBAREA","21.2",1,"Atlantic","2","21.2",NA,NA,NA,641944307685.118,"Atlantic, Northwest","Atlantique, nord-ouest","Atlántico, noroeste","Atlantic Ocean and adjacent seas","NW Atlantic","Northern regions",18
"21",93,"SUBAREA","21.3",1,"Atlantic","2","21.3",NA,NA,NA,1450426121918.82,"Atlantic, Northwest","Atlantique, nord-ouest","Atlántico, noroeste","Atlantic Ocean and adjacent seas","NW Atlantic","Northern regions",31
"47",94,"SUBAREA","47.1",1,"Atlantic","4","47.1",NA,NA,NA,1431111493021.9,"Atlantic, Southeast","Atlantique, sud-est","Atlántico, sudoriental","Atlantic Ocean and adjacent seas","SE Atlantic","Southern regions",126
"47",95,"SUBAREA","47.C",1,"Atlantic","4","47.C",NA,NA,NA,4481857768526.84,"Atlantic, Southeast","Atlantique, sud-est","Atlántico, sudoriental","Atlantic Ocean and adjacent seas","SE Atlantic","Southern regions",20
"47",96,"SUBAREA","47.D",1,"Atlantic","4","47.D",NA,NA,NA,4375519391720.04,"Atlantic, Southeast","Atlantique, sud-est","Atlántico, sudoriental","Atlantic Ocean and adjacent seas","SE Atlantic","Southern regions",9
"47",97,"SUBAREA","47.2",1,"Atlantic","4","47.2",NA,NA,NA,373766032892.439,"Atlantic, Southeast","Atlantique, sud-est","Atlántico, sudoriental","Atlantic Ocean and adjacent seas","SE Atlantic","Southern regions",97
"27",98,"SUBAREA","27.8",1,"Atlantic","2","27.8",NA,NA,NA,676230626888.788,"Atlantic, Northeast","Atlantique, nord-est","Atlántico, nordeste","Atlantic Ocean and adjacent seas","NE Atlantic","Northern regions",71
"21",99,"SUBAREA","21.4",1,"Atlantic","2","21.4",NA,NA,NA,997597908665.965,"Atlantic, Northwest","Atlantique, nord-ouest","Atlántico, noroeste","Atlantic Ocean and adjacent seas","NW Atlantic","Northern regions",34
"21",100,"SUBAREA","21.5",1,"Atlantic","2","21.5",NA,NA,NA,233480170980.611,"Atlantic, Northwest","Atlantique, nord-ouest","Atlántico, noroeste","Atlantic Ocean and adjacent seas","NW Atlantic","Northern regions",63
"21",101,"SUBAREA","21.6",1,"Atlantic","2","21.6",NA,NA,NA,1395999975425.22,"Atlantic, Northwest","Atlantique, nord-ouest","Atlántico, noroeste","Atlantic Ocean and adjacent seas","NW Atlantic","Northern regions",73
"21",102,"SUBAREA","21.0",1,"Atlantic","2","21.0",NA,NA,NA,582045959869.029,"Atlantic, Northwest","Atlantique, nord-ouest","Atlántico, noroeste","Atlantic Ocean and adjacent seas","NW Atlantic","Northern regions",7
"47",103,"SUBAREA","47.B",1,"Atlantic","4","47.B",NA,NA,NA,2771491142259.39,"Atlantic, Southeast","Atlantique, sud-est","Atlántico, sudoriental","Atlantic Ocean and adjacent seas","SE Atlantic","Southern regions",20
"27",104,"SUBAREA","27.7",1,"Atlantic","2","27.7",NA,NA,NA,702026934533.921,"Atlantic, Northeast","Atlantique, nord-est","Atlántico, nordeste","Atlantic Ocean and adjacent seas","NE Atlantic","Northern regions",70
"27",105,"SUBAREA","27.4",1,"Atlantic","2","27.4",NA,NA,NA,615587468614.012,"Atlantic, Northeast","Atlantique, nord-est","Atlántico, nordeste","Atlantic Ocean and adjacent seas","NE Atlantic","Northern regions",44
"27",106,"SUBAREA","27.3",1,"Atlantic","2","27.3",NA,NA,NA,455591771166.558,"Atlantic, Northeast","Atlantique, nord-est","Atlántico, nordeste","Atlantic Ocean and adjacent seas","NE Atlantic","Northern regions",24
"27",107,"SUBAREA","27.6",1,"Atlantic","2","27.6",NA,NA,NA,458645539476.206,"Atlantic, Northeast","Atlantique, nord-est","Atlántico, nordeste","Atlantic Ocean and adjacent seas","NE Atlantic","Northern regions",63
"27",108,"SUBAREA","27.5",1,"Atlantic","2","27.5",NA,NA,NA,570965720767.964,"Atlantic, Northeast","Atlantique, nord-est","Atlántico, nordeste","Atlantic Ocean and adjacent seas","NE Atlantic","Northern regions",45
"27",109,"SUBAREA","27.14",1,"Atlantic","2","27.14",NA,NA,NA,1333962065224.2,"Atlantic, Northeast","Atlantique, nord-est","Atlántico, nordeste","Atlantic Ocean and adjacent seas","NE Atlantic","Northern regions",20
"27",110,"SUBAREA","27.2",1,"Atlantic","2","27.2",NA,NA,NA,2558079375337.35,"Atlantic, Northeast","Atlantique, nord-est","Atlántico, nordeste","Atlantic Ocean and adjacent seas","NE Atlantic","Northern regions",39
"27",111,"SUBAREA","27.1",1,"Atlantic","2","27.1",NA,NA,NA,1623998512490.36,"Atlantic, Northeast","Atlantique, nord-est","Atlántico, nordeste","Atlantic Ocean and adjacent seas","NE Atlantic","Northern regions",12
"37",112,"DIVISION","37.4.2",1,"Atlantic","3","37.4","37.4.2",NA,NA,422247977449.676,"Mediterranean and Black Sea","Méditerranée et mer Noire","Mediterráneo y Mar Negro","Atlantic Ocean and adjacent seas","Mediterran.","Central regions",3
"37",113,"DIVISION","37.4.3",1,"Atlantic","3","37.4","37.4.3",NA,NA,41321419919.6262,"Mediterranean and Black Sea","Méditerranée et mer Noire","Mediterráneo y Mar Negro","Atlantic Ocean and adjacent seas","Mediterran.","Central regions",2
"37",114,"DIVISION","37.1.2",1,"Atlantic","3","37.1","37.1.2",NA,NA,62704555110.2853,"Mediterranean and Black Sea","Méditerranée et mer Noire","Mediterráneo y Mar Negro","Atlantic Ocean and adjacent seas","Mediterran.","Central regions",65
"37",115,"DIVISION","37.1.3",1,"Atlantic","3","37.1","37.1.3",NA,NA,313741454768.857,"Mediterranean and Black Sea","Méditerranée et mer Noire","Mediterráneo y Mar Negro","Atlantic Ocean and adjacent seas","Mediterran.","Central regions",69
"27",116,"DIVISION","27.12.b",1,"Atlantic","2","27.12","27.12.b",NA,NA,220899128413.511,"Atlantic, Northeast","Atlantique, nord-est","Atlántico, nordeste","Atlantic Ocean and adjacent seas","NE Atlantic","Northern regions",11
"37",117,"DIVISION","37.2.1",1,"Atlantic","3","37.2","37.2.1",NA,NA,98667922160.6186,"Mediterranean and Black Sea","Méditerranée et mer Noire","Mediterráneo y Mar Negro","Atlantic Ocean and adjacent seas","Mediterran.","Central regions",49
"37",118,"DIVISION","37.2.2",1,"Atlantic","3","37.2","37.2.2",NA,NA,846342412103.464,"Mediterranean and Black Sea","Méditerranée et mer Noire","Mediterráneo y Mar Negro","Atlantic Ocean and adjacent seas","Mediterran.","Central regions",68
"37",119,"DIVISION","37.3.1",1,"Atlantic","3","37.3","37.3.1",NA,NA,286448212866.635,"Mediterranean and Black Sea","Méditerranée et mer Noire","Mediterráneo y Mar Negro","Atlantic Ocean and adjacent seas","Mediterran.","Central regions",51
"37",120,"DIVISION","37.4.1",1,"Atlantic","3","37.4","37.4.1",NA,NA,11827243389.3563,"Mediterranean and Black Sea","Méditerranée et mer Noire","Mediterráneo y Mar Negro","Atlantic Ocean and adjacent seas","Mediterran.","Central regions",39
"37",121,"DIVISION","37.3.2",1,"Atlantic","3","37.3","37.3.2",NA,NA,443942712159.32,"Mediterranean and Black Sea","Méditerranée et mer Noire","Mediterráneo y Mar Negro","Atlantic Ocean and adjacent seas","Mediterran.","Central regions",56
"34",122,"DIVISION","34.1.2",1,"Atlantic","3","34.1","34.1.2",NA,NA,682376100480.579,"Atlantic, Eastern Central","Atlantique, centre-est","Atlántico, centro-oriental","Atlantic Ocean and adjacent seas","EC Atlantic","Central regions",95
"34",123,"DIVISION","34.1.1",1,"Atlantic","3","34.1","34.1.1",NA,NA,384071834637.087,"Atlantic, Eastern Central","Atlantique, centre-est","Atlántico, centro-oriental","Atlantic Ocean and adjacent seas","EC Atlantic","Central regions",98
"34",126,"DIVISION","34.1.3",1,"Atlantic","3","34.1","34.1.3",NA,NA,316899098139.797,"Atlantic, Eastern Central","Atlantique, centre-est","Atlántico, centro-oriental","Atlantic Ocean and adjacent seas","EC Atlantic","Central regions",96
"71",130,"DIVISION","71.6.2",1,"Pacific","7","_71.6","71.6.2",NA,NA,4496587748126.46,"Pacific, Western Central","Pacifique, centre-ouest","Pacífico, centro-occidental","Pacific Ocean","WC Pacific","Central regions",27
"34",131,"DIVISION","34.4.2",1,"Atlantic","3","34.4","34.4.2",NA,NA,3023573856489.08,"Atlantic, Eastern Central","Atlantique, centre-est","Atlántico, centro-oriental","Atlantic Ocean and adjacent seas","EC Atlantic","Central regions",15
"34",132,"DIVISION","34.3.2",1,"Atlantic","3","34.3","34.3.2",NA,NA,1184538445204.43,"Atlantic, Eastern Central","Atlantique, centre-est","Atlántico, centro-oriental","Atlantic Ocean and adjacent seas","EC Atlantic","Central regions",34
"71",133,"DIVISION","71.6.1",1,"Pacific","7","_71.6","71.6.1",NA,NA,5394501655010.52,"Pacific, Western Central","Pacifique, centre-ouest","Pacífico, centro-occidental","Pacific Ocean","WC Pacific","Central regions",36
"34",134,"DIVISION","34.3.1",1,"Atlantic","3","34.3","34.3.1",NA,NA,485353423550.577,"Atlantic, Eastern Central","Atlantique, centre-est","Atlántico, centro-oriental","Atlantic Ocean and adjacent seas","EC Atlantic","Central regions",111
"34",142,"DIVISION","34.3.3",1,"Atlantic","3","34.3","34.3.3",NA,NA,1147419312303.39,"Atlantic, Eastern Central","Atlantique, centre-est","Atlántico, centro-oriental","Atlantic Ocean and adjacent seas","EC Atlantic","Central regions",82
"87",143,"DIVISION","87.1.1",1,"Pacific","8","87.1","87.1.1",NA,NA,569190026492.586,"Pacific, Southeast","Pacifique, sud-est","Pacífico, sudoriental","Pacific Ocean","SE Pacific","Southern regions",93
"34",144,"DIVISION","34.3.4",1,"Atlantic","3","34.3","34.3.4",NA,NA,716880734337.015,"Atlantic, Eastern Central","Atlantique, centre-est","Atlántico, centro-oriental","Atlantic Ocean and adjacent seas","EC Atlantic","Central regions",88
"34",145,"DIVISION","34.3.5",1,"Atlantic","3","34.3","34.3.5",NA,NA,412127342882.95,"Atlantic, Eastern Central","Atlantique, centre-est","Atlántico, centro-oriental","Atlantic Ocean and adjacent seas","EC Atlantic","Central regions",92
"87",146,"DIVISION","87.1.2",1,"Pacific","8","87.1","87.1.2",NA,NA,504900117973.34,"Pacific, Southeast","Pacifique, sud-est","Pacífico, sudoriental","Pacific Ocean","SE Pacific","Southern regions",37
"87",147,"DIVISION","87.1.4",1,"Pacific","8","87.1","87.1.4",NA,NA,10566518729291.9,"Pacific, Southeast","Pacifique, sud-est","Pacífico, sudoriental","Pacific Ocean","SE Pacific","Southern regions",31
"41",148,"DIVISION","41.1.1",1,"Atlantic","4","41.1","41.1.1",NA,NA,881394555828.878,"Atlantic, Southwest","Atlantique, sud-ouest","Atlántico, sudoccidental","Atlantic Ocean and adjacent seas","SW Atlantic","Southern regions",71
"87",149,"DIVISION","87.1.3",1,"Pacific","8","87.1","87.1.3",NA,NA,279189043353.845,"Pacific, Southeast","Pacifique, sud-est","Pacífico, sudoriental","Pacific Ocean","SE Pacific","Southern regions",43
"41",150,"DIVISION","41.1.2",1,"Atlantic","4","41.1","41.1.2",NA,NA,642349466314.66,"Atlantic, Southwest","Atlantique, sud-ouest","Atlántico, sudoccidental","Atlantic Ocean and adjacent seas","SW Atlantic","Southern regions",61
"41",151,"DIVISION","41.1.3",1,"Atlantic","4","41.1","41.1.3",NA,NA,434666422776.439,"Atlantic, Southwest","Atlantique, sud-ouest","Atlántico, sudoccidental","Atlantic Ocean and adjacent seas","SW Atlantic","Southern regions",58
"57",152,"DIVISION","57.5.1",1,"Indian","5","57.5","57.5.1",NA,NA,2153313079917.89,"Indian Ocean, Eastern","Océan Indien, est","Océano Índico, oriental","Indian Ocean","E Indian O.","Central regions",172
"87",153,"DIVISION","87.2.6",1,"Pacific","8","87.2","87.2.6",NA,NA,9930060670167.31,"Pacific, Southeast","Pacifique, sud-est","Pacífico, sudoriental","Pacific Ocean","SE Pacific","Southern regions",26
"87",154,"DIVISION","87.2.2",1,"Pacific","8","87.2","87.2.2",NA,NA,385961797925.447,"Pacific, Southeast","Pacifique, sud-est","Pacífico, sudoriental","Pacific Ocean","SE Pacific","Southern regions",15
"87",155,"DIVISION","87.2.1",1,"Pacific","8","87.2","87.2.1",NA,NA,378752335437.995,"Pacific, Southeast","Pacifique, sud-est","Pacífico, sudoriental","Pacific Ocean","SE Pacific","Southern regions",59
"41",156,"DIVISION","41.2.1",1,"Atlantic","4","41.2","41.2.1",NA,NA,655635852456.714,"Atlantic, Southwest","Atlantique, sud-ouest","Atlántico, sudoccidental","Atlantic Ocean and adjacent seas","SW Atlantic","Southern regions",97
"41",157,"DIVISION","41.1.4",1,"Atlantic","4","41.1","41.1.4",NA,NA,3867382562514.35,"Atlantic, Southwest","Atlantique, sud-ouest","Atlántico, sudoccidental","Atlantic Ocean and adjacent seas","SW Atlantic","Southern regions",16
"34",158,"DIVISION","34.4.1",1,"Atlantic","3","34.4","34.4.1",NA,NA,1695676630652.49,"Atlantic, Eastern Central","Atlantique, centre-est","Atlántico, centro-oriental","Atlantic Ocean and adjacent seas","EC Atlantic","Central regions",14
"57",159,"DIVISION","57.5.2",1,"Indian","5","57.5","57.5.2",NA,NA,1696302714188.09,"Indian Ocean, Eastern","Océan Indien, est","Océano Índico, oriental","Indian Ocean","E Indian O.","Central regions",162
"87",160,"DIVISION","87.2.3",1,"Pacific","8","87.2","87.2.3",NA,NA,85283982520.7598,"Pacific, Southeast","Pacifique, sud-est","Pacífico, sudoriental","Pacific Ocean","SE Pacific","Southern regions",10
"87",162,"DIVISION","87.2.5",1,"Pacific","8","87.2","87.2.5",NA,NA,81149107680.7171,"Pacific, Southeast","Pacifique, sud-est","Pacífico, sudoriental","Pacific Ocean","SE Pacific","Southern regions",10
"41",163,"DIVISION","41.2.2",1,"Atlantic","4","41.2","41.2.2",NA,NA,344471053621.151,"Atlantic, Southwest","Atlantique, sud-ouest","Atlántico, sudoccidental","Atlantic Ocean and adjacent seas","SW Atlantic","Southern regions",94
"87",164,"DIVISION","87.2.4",1,"Pacific","8","87.2","87.2.4",NA,NA,135175004544.727,"Pacific, Southeast","Pacifique, sud-est","Pacífico, sudoriental","Pacific Ocean","SE Pacific","Southern regions",11
"87",165,"DIVISION","87.3.3",1,"Pacific","8","87.3","87.3.3",NA,NA,7043515912715.17,"Pacific, Southeast","Pacifique, sud-est","Pacífico, sudoriental","Pacific Ocean","SE Pacific","Southern regions",6
"87",166,"DIVISION","87.3.2",1,"Pacific","8","87.3","87.3.2",NA,NA,361270756415.043,"Pacific, Southeast","Pacifique, sud-est","Pacífico, sudoriental","Pacific Ocean","SE Pacific","Southern regions",11
"87",167,"DIVISION","87.3.1",1,"Pacific","8","87.3","87.3.1",NA,NA,448330060091.911,"Pacific, Southeast","Pacifique, sud-est","Pacífico, sudoriental","Pacific Ocean","SE Pacific","Southern regions",31
"58",168,"DIVISION","58.5.1",1,"Indian","10","58.5","58.5.1",NA,NA,1083086415270.52,"Indian Ocean, Antarctic","Océan Indien, Antarctique","Océano Índico, Antártico","Southern Ocean","Ind.antarctc","Southern regions",5
"41",169,"DIVISION","41.2.4",1,"Atlantic","4","41.2","41.2.4",NA,NA,5197206508048.25,"Atlantic, Southwest","Atlantique, sud-ouest","Atlántico, sudoccidental","Atlantic Ocean and adjacent seas","SW Atlantic","Southern regions",39
"41",170,"DIVISION","41.3.3",1,"Atlantic","4","41.3","41.3.3",NA,NA,2439357816518.61,"Atlantic, Southwest","Atlantique, sud-ouest","Atlántico, sudoccidental","Atlantic Ocean and adjacent seas","SW Atlantic","Southern regions",7
"27",171,"DIVISION","27.10.a",1,"Atlantic","2","27.10","27.10.a",NA,NA,1600757464658.69,"Atlantic, Northeast","Atlantique, nord-est","Atlántico, nordeste","Atlantic Ocean and adjacent seas","NE Atlantic","Northern regions",35
"27",172,"DIVISION","27.9.b",1,"Atlantic","2","27.9","27.9.b",NA,NA,467636809277.081,"Atlantic, Northeast","Atlantique, nord-est","Atlántico, nordeste","Atlantic Ocean and adjacent seas","NE Atlantic","Northern regions",21
"58",173,"DIVISION","58.5.2",1,"Indian","10","58.5","58.5.2",NA,NA,654991036258.367,"Indian Ocean, Antarctic","Océan Indien, Antarctique","Océano Índico, Antártico","Southern Ocean","Ind.antarctc","Southern regions",3
"58",174,"DIVISION","58.4.4",1,"Indian","10","58.4","58.4.4",NA,NA,2496053978349.43,"Indian Ocean, Antarctic","Océan Indien, Antarctique","Océano Índico, Antártico","Southern Ocean","Ind.antarctc","Southern regions",0
"41",175,"DIVISION","41.2.3",1,"Atlantic","4","41.2","41.2.3",NA,NA,467312947943.878,"Atlantic, Southwest","Atlantique, sud-ouest","Atlántico, sudoccidental","Atlantic Ocean and adjacent seas","SW Atlantic","Southern regions",102
"41",176,"DIVISION","41.3.1",1,"Atlantic","4","41.3","41.3.1",NA,NA,1088366320151.37,"Atlantic, Southwest","Atlantique, sud-ouest","Atlántico, sudoccidental","Atlantic Ocean and adjacent seas","SW Atlantic","Southern regions",56
"37",177,"DIVISION","37.1.1",1,"Atlantic","3","37.1","37.1.1",NA,NA,468186948532.718,"Mediterranean and Black Sea","Méditerranée et mer Noire","Mediterráneo y Mar Negro","Atlantic Ocean and adjacent seas","Mediterran.","Central regions",71
"34",178,"DIVISION","34.3.6",1,"Atlantic","3","34.3","34.3.6",NA,NA,550565654867.548,"Atlantic, Eastern Central","Atlantique, centre-est","Atlántico, centro-oriental","Atlantic Ocean and adjacent seas","EC Atlantic","Central regions",87
"41",189,"DIVISION","41.3.2",1,"Atlantic","4","41.3","41.3.2",NA,NA,1519799815516.16,"Atlantic, Southwest","Atlantique, sud-ouest","Atlántico, sudoccidental","Atlantic Ocean and adjacent seas","SW Atlantic","Southern regions",34
"58",190,"DIVISION","58.4.2",1,"Indian","10","58.4","58.4.2",NA,NA,1559667064619.35,"Indian Ocean, Antarctic","Océan Indien, Antarctique","Océano Índico, Antártico","Southern Ocean","Ind.antarctc","Southern regions",2
"58",191,"DIVISION","58.4.1",1,"Indian","10","58.4","58.4.1",NA,NA,4594091372824.08,"Indian Ocean, Antarctic","Océan Indien, Antarctique","Océano Índico, Antártico","Southern Ocean","Ind.antarctc","Southern regions",2
"58",192,"DIVISION","58.4.3",1,"Indian","10","58.4","58.4.3",NA,NA,1174975618182.74,"Indian Ocean, Antarctic","Océan Indien, Antarctique","Océano Índico, Antártico","Southern Ocean","Ind.antarctc","Southern regions",1
"47",193,"DIVISION","47.A.0",1,"Atlantic","4","47.A","47.A.0",NA,NA,3815618915934.19,"Atlantic, Southeast","Atlantique, sud-est","Atlántico, sudoriental","Atlantic Ocean and adjacent seas","SE Atlantic","Southern regions",17
"47",194,"DIVISION","47.A.1",1,"Atlantic","4","47.A","47.A.1",NA,NA,1093012946462.8,"Atlantic, Southeast","Atlantique, sud-est","Atlántico, sudoriental","Atlantic Ocean and adjacent seas","SE Atlantic","Southern regions",14
"21",195,"DIVISION","21.1.D",1,"Atlantic","2","21.1","21.1.D",NA,NA,70014038601.6461,"Atlantic, Northwest","Atlantique, nord-ouest","Atlántico, noroeste","Atlantic Ocean and adjacent seas","NW Atlantic","Northern regions",8
"21",196,"DIVISION","21.1.E",1,"Atlantic","2","21.1","21.1.E",NA,NA,88359698256.121,"Atlantic, Northwest","Atlantique, nord-ouest","Atlántico, noroeste","Atlantic Ocean and adjacent seas","NW Atlantic","Northern regions",8
"21",197,"DIVISION","21.2.G",1,"Atlantic","2","21.2","21.2.G",NA,NA,171992691258.642,"Atlantic, Northwest","Atlantique, nord-ouest","Atlántico, noroeste","Atlantic Ocean and adjacent seas","NW Atlantic","Northern regions",13
"21",198,"DIVISION","21.1.F",1,"Atlantic","2","21.1","21.1.F",NA,NA,412234431658.546,"Atlantic, Northwest","Atlantique, nord-ouest","Atlántico, noroeste","Atlantic Ocean and adjacent seas","NW Atlantic","Northern regions",10
"21",199,"DIVISION","21.2.H",1,"Atlantic","2","21.2","21.2.H",NA,NA,186307407391.846,"Atlantic, Northwest","Atlantique, nord-ouest","Atlántico, noroeste","Atlantic Ocean and adjacent seas","NW Atlantic","Northern regions",13
"21",200,"DIVISION","21.3.M",1,"Atlantic","2","21.3","21.3.M",NA,NA,409645550250.667,"Atlantic, Northwest","Atlantique, nord-ouest","Atlántico, noroeste","Atlantic Ocean and adjacent seas","NW Atlantic","Northern regions",10
"21",201,"DIVISION","21.3.O",1,"Atlantic","2","21.3","21.3.O",NA,NA,140872407131.34,"Atlantic, Northwest","Atlantique, nord-ouest","Atlántico, noroeste","Atlantic Ocean and adjacent seas","NW Atlantic","Northern regions",19
"47",202,"DIVISION","47.1.1",1,"Atlantic","4","47.1","47.1.1",NA,NA,177437783206.397,"Atlantic, Southeast","Atlantique, sud-est","Atlántico, sudoriental","Atlantic Ocean and adjacent seas","SE Atlantic","Southern regions",66
"47",203,"DIVISION","47.1.2",1,"Atlantic","4","47.1","47.1.2",NA,NA,228987010239.696,"Atlantic, Southeast","Atlantique, sud-est","Atlántico, sudoriental","Atlantic Ocean and adjacent seas","SE Atlantic","Southern regions",64
"47",204,"DIVISION","47.C.0",1,"Atlantic","4","47.C","47.C.0",NA,NA,3491072379995.28,"Atlantic, Southeast","Atlantique, sud-est","Atlántico, sudoriental","Atlantic Ocean and adjacent seas","SE Atlantic","Southern regions",18
"47",205,"DIVISION","47.D.0",1,"Atlantic","4","47.D","47.D.0",NA,NA,3956846105365.01,"Atlantic, Southeast","Atlantique, sud-est","Atlántico, sudoriental","Atlantic Ocean and adjacent seas","SE Atlantic","Southern regions",9
"47",206,"DIVISION","47.2.2",1,"Atlantic","4","47.2","47.2.2",NA,NA,197939868755.13,"Atlantic, Southeast","Atlantique, sud-est","Atlántico, sudoriental","Atlantic Ocean and adjacent seas","SE Atlantic","Southern regions",88
"47",207,"DIVISION","47.2.1",1,"Atlantic","4","47.2","47.2.1",NA,NA,175826164398.976,"Atlantic, Southeast","Atlantique, sud-est","Atlántico, sudoriental","Atlantic Ocean and adjacent seas","SE Atlantic","Southern regions",79
"47",208,"DIVISION","47.1.3",1,"Atlantic","4","47.1","47.1.3",NA,NA,217121567139.558,"Atlantic, Southeast","Atlantique, sud-est","Atlántico, sudoriental","Atlantic Ocean and adjacent seas","SE Atlantic","Southern regions",64
"47",209,"DIVISION","47.1.4",1,"Atlantic","4","47.1","47.1.4",NA,NA,223244675125.655,"Atlantic, Southeast","Atlantique, sud-est","Atlántico, sudoriental","Atlantic Ocean and adjacent seas","SE Atlantic","Southern regions",63
"47",210,"DIVISION","47.1.5",1,"Atlantic","4","47.1","47.1.5",NA,NA,226608326184.943,"Atlantic, Southeast","Atlantique, sud-est","Atlántico, sudoriental","Atlantic Ocean and adjacent seas","SE Atlantic","Southern regions",78
"47",211,"DIVISION","47.1.6",1,"Atlantic","4","47.1","47.1.6",NA,NA,357712169818.44,"Atlantic, Southeast","Atlantique, sud-est","Atlántico, sudoriental","Atlantic Ocean and adjacent seas","SE Atlantic","Southern regions",87
"27",212,"DIVISION","27.9.a",1,"Atlantic","2","27.9","27.9.a",NA,NA,167971393625.767,"Atlantic, Northeast","Atlantique, nord-est","Atlántico, nordeste","Atlantic Ocean and adjacent seas","NE Atlantic","Northern regions",84
"27",213,"DIVISION","27.8.c",1,"Atlantic","2","27.8","27.8.c",NA,NA,92763573597.9697,"Atlantic, Northeast","Atlantique, nord-est","Atlántico, nordeste","Atlantic Ocean and adjacent seas","NE Atlantic","Northern regions",64
"27",214,"DIVISION","27.8.b",1,"Atlantic","2","27.8","27.8.b",NA,NA,34964551008.0146,"Atlantic, Northeast","Atlantique, nord-est","Atlántico, nordeste","Atlantic Ocean and adjacent seas","NE Atlantic","Northern regions",55
"27",215,"DIVISION","27.10.b",1,"Atlantic","2","27.10","27.10.b",NA,NA,1042053158223.93,"Atlantic, Northeast","Atlantique, nord-est","Atlántico, nordeste","Atlantic Ocean and adjacent seas","NE Atlantic","Northern regions",11
"27",216,"DIVISION","27.8.e",1,"Atlantic","2","27.8","27.8.e",NA,NA,303932170699.637,"Atlantic, Northeast","Atlantique, nord-est","Atlántico, nordeste","Atlantic Ocean and adjacent seas","NE Atlantic","Northern regions",8
"27",217,"DIVISION","27.8.d",1,"Atlantic","2","27.8","27.8.d",NA,NA,181908371177.449,"Atlantic, Northeast","Atlantique, nord-est","Atlántico, nordeste","Atlantic Ocean and adjacent seas","NE Atlantic","Northern regions",54
"21",218,"DIVISION","21.3.N",1,"Atlantic","2","21.3","21.3.N",NA,NA,283002571984.782,"Atlantic, Northwest","Atlantique, nord-ouest","Atlántico, noroeste","Atlantic Ocean and adjacent seas","NW Atlantic","Northern regions",19
"21",219,"DIVISION","21.4.V",1,"Atlantic","2","21.4","21.4.V",NA,NA,369835370887.035,"Atlantic, Northwest","Atlantique, nord-ouest","Atlántico, noroeste","Atlantic Ocean and adjacent seas","NW Atlantic","Northern regions",28
"21",220,"DIVISION","21.5.Z",1,"Atlantic","2","21.5","21.5.Z",NA,NA,175083893789.708,"Atlantic, Northwest","Atlantique, nord-ouest","Atlántico, noroeste","Atlantic Ocean and adjacent seas","NW Atlantic","Northern regions",63
"21",221,"DIVISION","21.6.B",1,"Atlantic","2","21.6","21.6.B",NA,NA,117788977881.277,"Atlantic, Northwest","Atlantique, nord-ouest","Atlántico, noroeste","Atlantic Ocean and adjacent seas","NW Atlantic","Northern regions",67
"21",222,"DIVISION","21.6.D",1,"Atlantic","2","21.6","21.6.D",NA,NA,197525517168.906,"Atlantic, Northwest","Atlantique, nord-ouest","Atlántico, noroeste","Atlantic Ocean and adjacent seas","NW Atlantic","Northern regions",15
"21",223,"DIVISION","21.6.E",1,"Atlantic","2","21.6","21.6.E",NA,NA,197525517168.906,"Atlantic, Northwest","Atlantique, nord-ouest","Atlántico, noroeste","Atlantic Ocean and adjacent seas","NW Atlantic","Northern regions",11
"21",224,"DIVISION","21.6.F",1,"Atlantic","2","21.6","21.6.F",NA,NA,197525517168.906,"Atlantic, Northwest","Atlantique, nord-ouest","Atlántico, noroeste","Atlantic Ocean and adjacent seas","NW Atlantic","Northern regions",11
"21",225,"DIVISION","21.6.G",1,"Atlantic","2","21.6","21.6.G",NA,NA,197525517168.906,"Atlantic, Northwest","Atlantique, nord-ouest","Atlántico, noroeste","Atlantic Ocean and adjacent seas","NW Atlantic","Northern regions",11
"21",226,"DIVISION","21.6.H",1,"Atlantic","2","21.6","21.6.H",NA,NA,316040828249.813,"Atlantic, Northwest","Atlantique, nord-ouest","Atlántico, noroeste","Atlantic Ocean and adjacent seas","NW Atlantic","Northern regions",11
"21",227,"DIVISION","21.0.A",1,"Atlantic","2","21.0","21.0.A",NA,NA,347878663095.669,"Atlantic, Northwest","Atlantique, nord-ouest","Atlántico, noroeste","Atlantic Ocean and adjacent seas","NW Atlantic","Northern regions",5
"21",228,"DIVISION","21.1.A",1,"Atlantic","2","21.1","21.1.A",NA,NA,308877577184.931,"Atlantic, Northwest","Atlantique, nord-ouest","Atlántico, noroeste","Atlantic Ocean and adjacent seas","NW Atlantic","Northern regions",3
"21",229,"DIVISION","21.1.B",1,"Atlantic","2","21.1","21.1.B",NA,NA,64571421054.9722,"Atlantic, Northwest","Atlantique, nord-ouest","Atlántico, noroeste","Atlantic Ocean and adjacent seas","NW Atlantic","Northern regions",7
"21",230,"DIVISION","21.0.B",1,"Atlantic","2","21.0","21.0.B",NA,NA,234167270163.61,"Atlantic, Northwest","Atlantique, nord-ouest","Atlántico, noroeste","Atlantic Ocean and adjacent seas","NW Atlantic","Northern regions",6
"21",231,"DIVISION","21.1.C",1,"Atlantic","2","21.1","21.1.C",NA,NA,55224442104.4672,"Atlantic, Northwest","Atlantique, nord-ouest","Atlántico, noroeste","Atlantic Ocean and adjacent seas","NW Atlantic","Northern regions",9
"21",232,"DIVISION","21.4.W",1,"Atlantic","2","21.4","21.4.W",NA,NA,237335203773.123,"Atlantic, Northwest","Atlantique, nord-ouest","Atlántico, noroeste","Atlantic Ocean and adjacent seas","NW Atlantic","Northern regions",29
"21",233,"DIVISION","21.4.S",1,"Atlantic","2","21.4","21.4.S",NA,NA,83188988724.9878,"Atlantic, Northwest","Atlantique, nord-ouest","Atlántico, noroeste","Atlantic Ocean and adjacent seas","NW Atlantic","Northern regions",12
"21",234,"DIVISION","21.3.K",1,"Atlantic","2","21.3","21.3.K",NA,NA,323510181895.84,"Atlantic, Northwest","Atlantique, nord-ouest","Atlántico, noroeste","Atlantic Ocean and adjacent seas","NW Atlantic","Northern regions",19
"21",235,"DIVISION","21.2.J",1,"Atlantic","2","21.2","21.2.J",NA,NA,283644209388.611,"Atlantic, Northwest","Atlantique, nord-ouest","Atlántico, noroeste","Atlantic Ocean and adjacent seas","NW Atlantic","Northern regions",17
"21",236,"DIVISION","21.6.A",1,"Atlantic","2","21.6","21.6.A",NA,NA,48859563881.077,"Atlantic, Northwest","Atlantique, nord-ouest","Atlántico, noroeste","Atlantic Ocean and adjacent seas","NW Atlantic","Northern regions",57
"21",237,"DIVISION","21.6.C",1,"Atlantic","2","21.6","21.6.C",NA,NA,123208527386.939,"Atlantic, Northwest","Atlantique, nord-ouest","Atlántico, noroeste","Atlantic Ocean and adjacent seas","NW Atlantic","Northern regions",64
"21",238,"DIVISION","21.4.R",1,"Atlantic","2","21.4","21.4.R",NA,NA,41032406056.9708,"Atlantic, Northwest","Atlantique, nord-ouest","Atlántico, noroeste","Atlantic Ocean and adjacent seas","NW Atlantic","Northern regions",13
"21",239,"DIVISION","21.3.L",1,"Atlantic","2","21.3","21.3.L",NA,NA,191421664789.124,"Atlantic, Northwest","Atlantique, nord-ouest","Atlántico, noroeste","Atlantic Ocean and adjacent seas","NW Atlantic","Northern regions",20
"21",240,"DIVISION","21.3.P",1,"Atlantic","2","21.3","21.3.P",NA,NA,101973747281.634,"Atlantic, Northwest","Atlantique, nord-ouest","Atlántico, noroeste","Atlantic Ocean and adjacent seas","NW Atlantic","Northern regions",23
"21",241,"DIVISION","21.4.X",1,"Atlantic","2","21.4","21.4.X",NA,NA,154258864117.316,"Atlantic, Northwest","Atlantique, nord-ouest","Atlántico, noroeste","Atlantic Ocean and adjacent seas","NW Atlantic","Northern regions",34
"21",242,"DIVISION","21.5.Y",1,"Atlantic","2","21.5","21.5.Y",NA,NA,58396273396.5652,"Atlantic, Northwest","Atlantique, nord-ouest","Atlántico, noroeste","Atlantic Ocean and adjacent seas","NW Atlantic","Northern regions",35
"21",243,"DIVISION","21.4.T",1,"Atlantic","2","21.4","21.4.T",NA,NA,111947005601.725,"Atlantic, Northwest","Atlantique, nord-ouest","Atlántico, noroeste","Atlantic Ocean and adjacent seas","NW Atlantic","Northern regions",18
"47",244,"DIVISION","47.D.1",1,"Atlantic","4","47.D","47.D.1",NA,NA,418673286355.038,"Atlantic, Southeast","Atlantique, sud-est","Atlántico, sudoriental","Atlantic Ocean and adjacent seas","SE Atlantic","Southern regions",1
"47",245,"DIVISION","47.B.1",1,"Atlantic","4","47.B","47.B.1",NA,NA,960505096237.01,"Atlantic, Southeast","Atlantique, sud-est","Atlántico, sudoriental","Atlantic Ocean and adjacent seas","SE Atlantic","Southern regions",18
"47",246,"DIVISION","47.C.1",1,"Atlantic","4","47.C","47.C.1",NA,NA,990785388531.559,"Atlantic, Southeast","Atlantique, sud-est","Atlántico, sudoriental","Atlantic Ocean and adjacent seas","SE Atlantic","Southern regions",15
"47",247,"DIVISION","47.B.0",1,"Atlantic","4","47.B","47.B.0",NA,NA,1810986046022.38,"Atlantic, Southeast","Atlantique, sud-est","Atlántico, sudoriental","Atlantic Ocean and adjacent seas","SE Atlantic","Southern regions",15
"27",248,"DIVISION","27.8.a",1,"Atlantic","2","27.8","27.8.a",NA,NA,62661971418.1348,"Atlantic, Northeast","Atlantique, nord-est","Atlántico, nordeste","Atlantic Ocean and adjacent seas","NE Atlantic","Northern regions",56
"27",249,"DIVISION","27.7.j",1,"Atlantic","2","27.7","27.7.j",NA,NA,99469988428.1812,"Atlantic, Northeast","Atlantique, nord-est","Atlántico, nordeste","Atlantic Ocean and adjacent seas","NE Atlantic","Northern regions",60
"27",250,"DIVISION","27.7.h",1,"Atlantic","2","27.7","27.7.h",NA,NA,57004067470.8803,"Atlantic, Northeast","Atlantique, nord-est","Atlántico, nordeste","Atlantic Ocean and adjacent seas","NE Atlantic","Northern regions",55
"27",251,"DIVISION","27.7.f",1,"Atlantic","2","27.7","27.7.f",NA,NA,18973216547.9267,"Atlantic, Northeast","Atlantique, nord-est","Atlántico, nordeste","Atlantic Ocean and adjacent seas","NE Atlantic","Northern regions",43
"27",252,"DIVISION","27.7.g",1,"Atlantic","2","27.7","27.7.g",NA,NA,47663203973.074,"Atlantic, Northeast","Atlantique, nord-est","Atlántico, nordeste","Atlantic Ocean and adjacent seas","NE Atlantic","Northern regions",44
"27",253,"DIVISION","27.12.c",1,"Atlantic","2","27.12","27.12.c",NA,NA,856596953847.155,"Atlantic, Northeast","Atlantique, nord-est","Atlántico, nordeste","Atlantic Ocean and adjacent seas","NE Atlantic","Northern regions",8
"27",254,"DIVISION","27.7.k",1,"Atlantic","2","27.7","27.7.k",NA,NA,214505346084.981,"Atlantic, Northeast","Atlantique, nord-est","Atlántico, nordeste","Atlantic Ocean and adjacent seas","NE Atlantic","Northern regions",19
"27",255,"DIVISION","27.4.c",1,"Atlantic","2","27.4","27.4.c",NA,NA,64302618029.0277,"Atlantic, Northeast","Atlantique, nord-est","Atlántico, nordeste","Atlantic Ocean and adjacent seas","NE Atlantic","Northern regions",28
"27",256,"DIVISION","27.7.c",1,"Atlantic","2","27.7","27.7.c",NA,NA,88580563653.3709,"Atlantic, Northeast","Atlantique, nord-est","Atlántico, nordeste","Atlantic Ocean and adjacent seas","NE Atlantic","Northern regions",24
"27",257,"DIVISION","27.3.d",1,"Atlantic","2","27.3","27.3.d",NA,NA,380161918817.175,"Atlantic, Northeast","Atlantique, nord-est","Atlántico, nordeste","Atlantic Ocean and adjacent seas","NE Atlantic","Northern regions",8
"27",258,"DIVISION","27.3.b, c",1,"Atlantic","2","27.3","27.3.b, c",NA,NA,20488533249.959,"Atlantic, Northeast","Atlantique, nord-est","Atlántico, nordeste","Atlantic Ocean and adjacent seas","NE Atlantic","Northern regions",10
"27",259,"DIVISION","27.4.b",1,"Atlantic","2","27.4","27.4.b",NA,NA,281384523981.085,"Atlantic, Northeast","Atlantique, nord-est","Atlántico, nordeste","Atlantic Ocean and adjacent seas","NE Atlantic","Northern regions",32
"27",260,"DIVISION","27.6.b",1,"Atlantic","2","27.6","27.6.b",NA,NA,221553532852.584,"Atlantic, Northeast","Atlantique, nord-est","Atlántico, nordeste","Atlantic Ocean and adjacent seas","NE Atlantic","Northern regions",25
"27",261,"DIVISION","27.5.b",1,"Atlantic","2","27.5","27.5.b",NA,NA,192204603063.903,"Atlantic, Northeast","Atlantique, nord-est","Atlántico, nordeste","Atlantic Ocean and adjacent seas","NE Atlantic","Northern regions",41
"27",262,"DIVISION","27.12.a",1,"Atlantic","2","27.12","27.12.a",NA,NA,1070537069066.22,"Atlantic, Northeast","Atlantique, nord-est","Atlántico, nordeste","Atlantic Ocean and adjacent seas","NE Atlantic","Northern regions",18
"27",263,"DIVISION","27.5.a",1,"Atlantic","2","27.5","27.5.a",NA,NA,378761117704.062,"Atlantic, Northeast","Atlantique, nord-est","Atlántico, nordeste","Atlantic Ocean and adjacent seas","NE Atlantic","Northern regions",35
"27",264,"DIVISION","27.14.b",1,"Atlantic","2","27.14","27.14.b",NA,NA,673865498249.82,"Atlantic, Northeast","Atlantique, nord-est","Atlántico, nordeste","Atlantic Ocean and adjacent seas","NE Atlantic","Northern regions",19
"27",265,"DIVISION","27.2.a",1,"Atlantic","2","27.2","27.2.a",NA,NA,1432904033316.61,"Atlantic, Northeast","Atlantique, nord-est","Atlántico, nordeste","Atlantic Ocean and adjacent seas","NE Atlantic","Northern regions",39
"27",266,"DIVISION","27.2.b",1,"Atlantic","2","27.2","27.2.b",NA,NA,1125175342020.74,"Atlantic, Northeast","Atlantique, nord-est","Atlántico, nordeste","Atlantic Ocean and adjacent seas","NE Atlantic","Northern regions",5
"27",267,"DIVISION","27.1.a",1,"Atlantic","2","27.1","27.1.a",NA,NA,66867090358.8958,"Atlantic, Northeast","Atlantique, nord-est","Atlántico, nordeste","Atlantic Ocean and adjacent seas","NE Atlantic","Northern regions",3
"27",268,"DIVISION","27.14.a",1,"Atlantic","2","27.14","27.14.a",NA,NA,660096564456.206,"Atlantic, Northeast","Atlantique, nord-est","Atlántico, nordeste","Atlantic Ocean and adjacent seas","NE Atlantic","Northern regions",9
"27",269,"DIVISION","27.7.e",1,"Atlantic","2","27.7","27.7.e",NA,NA,56394287388.0474,"Atlantic, Northeast","Atlantique, nord-est","Atlántico, nordeste","Atlantic Ocean and adjacent seas","NE Atlantic","Northern regions",46
"27",270,"DIVISION","27.7.d",1,"Atlantic","2","27.7","27.7.d",NA,NA,33233430849.1625,"Atlantic, Northeast","Atlantique, nord-est","Atlántico, nordeste","Atlantic Ocean and adjacent seas","NE Atlantic","Northern regions",32
"27",271,"DIVISION","27.6.a",1,"Atlantic","2","27.6","27.6.a",NA,NA,237092006623.622,"Atlantic, Northeast","Atlantique, nord-est","Atlántico, nordeste","Atlantic Ocean and adjacent seas","NE Atlantic","Northern regions",59
"27",272,"DIVISION","27.7.b",1,"Atlantic","2","27.7","27.7.b",NA,NA,35977798773.6381,"Atlantic, Northeast","Atlantique, nord-est","Atlántico, nordeste","Atlantic Ocean and adjacent seas","NE Atlantic","Northern regions",55
"27",273,"DIVISION","27.7.a",1,"Atlantic","2","27.7","27.7.a",NA,NA,50225031975.4035,"Atlantic, Northeast","Atlantique, nord-est","Atlántico, nordeste","Atlantic Ocean and adjacent seas","NE Atlantic","Northern regions",37
"27",274,"DIVISION","27.4.a",1,"Atlantic","2","27.4","27.4.a",NA,NA,269900335719.766,"Atlantic, Northeast","Atlantique, nord-est","Atlántico, nordeste","Atlantic Ocean and adjacent seas","NE Atlantic","Northern regions",42
"27",275,"DIVISION","27.1.b",1,"Atlantic","2","27.1","27.1.b",NA,NA,1557131422131.46,"Atlantic, Northeast","Atlantique, nord-est","Atlántico, nordeste","Atlantic Ocean and adjacent seas","NE Atlantic","Northern regions",12
"27",277,"DIVISION","27.3.a",1,"Atlantic","2","27.3","27.3.a",NA,NA,54943741725.1642,"Atlantic, Northeast","Atlantique, nord-est","Atlántico, nordeste","Atlantic Ocean and adjacent seas","NE Atlantic","Northern regions",24
"34",278,"SUBDIVISION","34.1.11",1,"Atlantic","3","34.1","34.1.1","34.1.11",NA,189290991110.479,"Atlantic, Eastern Central","Atlantique, centre-est","Atlántico, centro-oriental","Atlantic Ocean and adjacent seas","EC Atlantic","Central regions",79
"34",279,"SUBDIVISION","34.1.12",1,"Atlantic","3","34.1","34.1.1","34.1.12",NA,140504163702.339,"Atlantic, Eastern Central","Atlantique, centre-est","Atlántico, centro-oriental","Atlantic Ocean and adjacent seas","EC Atlantic","Central regions",83
"34",280,"SUBDIVISION","34.1.13",1,"Atlantic","3","34.1","34.1.1","34.1.13",NA,54276690195.1946,"Atlantic, Eastern Central","Atlantique, centre-est","Atlántico, centro-oriental","Atlantic Ocean and adjacent seas","EC Atlantic","Central regions",90
"34",281,"SUBDIVISION","34.1.31",1,"Atlantic","3","34.1","34.1.3","34.1.31",NA,198856699433.934,"Atlantic, Eastern Central","Atlantique, centre-est","Atlántico, centro-oriental","Atlantic Ocean and adjacent seas","EC Atlantic","Central regions",76
"34",282,"SUBDIVISION","34.1.32",1,"Atlantic","3","34.1","34.1.3","34.1.32",NA,118042410276.888,"Atlantic, Eastern Central","Atlantique, centre-est","Atlántico, centro-oriental","Atlantic Ocean and adjacent seas","EC Atlantic","Central regions",88
"34",283,"SUBDIVISION","34.3.11",1,"Atlantic","3","34.3","34.3.1","34.3.11",NA,133028795370.525,"Atlantic, Eastern Central","Atlantique, centre-est","Atlántico, centro-oriental","Atlantic Ocean and adjacent seas","EC Atlantic","Central regions",92
"34",284,"SUBDIVISION","34.3.12",1,"Atlantic","3","34.3","34.3.1","34.3.12",NA,140592418771.055,"Atlantic, Eastern Central","Atlantique, centre-est","Atlántico, centro-oriental","Atlantic Ocean and adjacent seas","EC Atlantic","Central regions",97
"34",285,"SUBDIVISION","34.3.13",1,"Atlantic","3","34.3","34.3.1","34.3.13",NA,211732210522.546,"Atlantic, Eastern Central","Atlantique, centre-est","Atlántico, centro-oriental","Atlantic Ocean and adjacent seas","EC Atlantic","Central regions",89
"87",286,"SUBDIVISION","87.1.11",1,"Pacific","8","87.1","87.1.1","87.1.11",NA,120503903334.421,"Pacific, Southeast","Pacifique, sud-est","Pacífico, sudoriental","Pacific Ocean","SE Pacific","Southern regions",64
"87",287,"SUBDIVISION","87.1.21",1,"Pacific","8","87.1","87.1.2","87.1.21",NA,89509134850.9696,"Pacific, Southeast","Pacifique, sud-est","Pacífico, sudoriental","Pacific Ocean","SE Pacific","Southern regions",16
"87",288,"SUBDIVISION","87.1.22",1,"Pacific","8","87.1","87.1.2","87.1.22",NA,90999176995.6451,"Pacific, Southeast","Pacifique, sud-est","Pacífico, sudoriental","Pacific Ocean","SE Pacific","Southern regions",16
"87",289,"SUBDIVISION","87.1.12",1,"Pacific","8","87.1","87.1.1","87.1.12",NA,106259036036.213,"Pacific, Southeast","Pacifique, sud-est","Pacífico, sudoriental","Pacific Ocean","SE Pacific","Southern regions",65
"87",290,"SUBDIVISION","87.1.23",1,"Pacific","8","87.1","87.1.2","87.1.23",NA,117720102889.31,"Pacific, Southeast","Pacifique, sud-est","Pacífico, sudoriental","Pacific Ocean","SE Pacific","Southern regions",36
"87",291,"SUBDIVISION","87.1.13",1,"Pacific","8","87.1","87.1.1","87.1.13",NA,122348724693.957,"Pacific, Southeast","Pacifique, sud-est","Pacífico, sudoriental","Pacific Ocean","SE Pacific","Southern regions",63
"87",292,"SUBDIVISION","87.1.24",1,"Pacific","8","87.1","87.1.2","87.1.24",NA,95181074016.2666,"Pacific, Southeast","Pacifique, sud-est","Pacífico, sudoriental","Pacific Ocean","SE Pacific","Southern regions",21
"87",293,"SUBDIVISION","87.1.14",1,"Pacific","8","87.1","87.1.1","87.1.14",NA,95478515416.8912,"Pacific, Southeast","Pacifique, sud-est","Pacífico, sudoriental","Pacific Ocean","SE Pacific","Southern regions",53
"87",294,"SUBDIVISION","87.1.25",1,"Pacific","8","87.1","87.1.2","87.1.25",NA,111490629221.148,"Pacific, Southeast","Pacifique, sud-est","Pacífico, sudoriental","Pacific Ocean","SE Pacific","Southern regions",14
"87",295,"SUBDIVISION","87.1.15",1,"Pacific","8","87.1","87.1.1","87.1.15",NA,124599848658.749,"Pacific, Southeast","Pacifique, sud-est","Pacífico, sudoriental","Pacific Ocean","SE Pacific","Southern regions",51
"87",296,"SUBDIVISION","87.2.21",1,"Pacific","8","87.2","87.2.2","87.2.21",NA,70644743781.2201,"Pacific, Southeast","Pacifique, sud-est","Pacífico, sudoriental","Pacific Ocean","SE Pacific","Southern regions",13
"87",297,"SUBDIVISION","87.2.11",1,"Pacific","8","87.2","87.2.1","87.2.11",NA,59313143942.751,"Pacific, Southeast","Pacifique, sud-est","Pacífico, sudoriental","Pacific Ocean","SE Pacific","Southern regions",40
"87",298,"SUBDIVISION","87.2.22",1,"Pacific","8","87.2","87.2.2","87.2.22",NA,81209971919.474,"Pacific, Southeast","Pacifique, sud-est","Pacífico, sudoriental","Pacific Ocean","SE Pacific","Southern regions",9
"87",299,"SUBDIVISION","87.2.12",1,"Pacific","8","87.2","87.2.1","87.2.12",NA,81727560840.8002,"Pacific, Southeast","Pacifique, sud-est","Pacífico, sudoriental","Pacific Ocean","SE Pacific","Southern regions",35
"87",300,"SUBDIVISION","87.2.23",1,"Pacific","8","87.2","87.2.2","87.2.23",NA,54901370692.8645,"Pacific, Southeast","Pacifique, sud-est","Pacífico, sudoriental","Pacific Ocean","SE Pacific","Southern regions",8
"87",301,"SUBDIVISION","87.2.13",1,"Pacific","8","87.2","87.2.1","87.2.13",NA,55326578569.0393,"Pacific, Southeast","Pacifique, sud-est","Pacífico, sudoriental","Pacific Ocean","SE Pacific","Southern regions",37
"87",302,"SUBDIVISION","87.2.24",1,"Pacific","8","87.2","87.2.2","87.2.24",NA,51366058251.8664,"Pacific, Southeast","Pacifique, sud-est","Pacífico, sudoriental","Pacific Ocean","SE Pacific","Southern regions",10
"87",303,"SUBDIVISION","87.2.14",1,"Pacific","8","87.2","87.2.1","87.2.14",NA,53371709123.9297,"Pacific, Southeast","Pacifique, sud-est","Pacífico, sudoriental","Pacific Ocean","SE Pacific","Southern regions",34
"87",304,"SUBDIVISION","87.2.25",1,"Pacific","8","87.2","87.2.2","87.2.25",NA,29231387525.2209,"Pacific, Southeast","Pacifique, sud-est","Pacífico, sudoriental","Pacific Ocean","SE Pacific","Southern regions",10
"87",305,"SUBDIVISION","87.2.15",1,"Pacific","8","87.2","87.2.1","87.2.15",NA,29969792785.2619,"Pacific, Southeast","Pacifique, sud-est","Pacífico, sudoriental","Pacific Ocean","SE Pacific","Southern regions",34
"87",306,"SUBDIVISION","87.2.26",1,"Pacific","8","87.2","87.2.2","87.2.26",NA,41769374546.7701,"Pacific, Southeast","Pacifique, sud-est","Pacífico, sudoriental","Pacific Ocean","SE Pacific","Southern regions",10
"87",307,"SUBDIVISION","87.2.16",1,"Pacific","8","87.2","87.2.1","87.2.16",NA,39773664926.0677,"Pacific, Southeast","Pacifique, sud-est","Pacífico, sudoriental","Pacific Ocean","SE Pacific","Southern regions",33
"87",308,"SUBDIVISION","87.2.27",1,"Pacific","8","87.2","87.2.2","87.2.27",NA,56838891208.031,"Pacific, Southeast","Pacifique, sud-est","Pacífico, sudoriental","Pacific Ocean","SE Pacific","Southern regions",9
"87",309,"SUBDIVISION","87.2.17",1,"Pacific","8","87.2","87.2.1","87.2.17",NA,59269872601.2481,"Pacific, Southeast","Pacifique, sud-est","Pacífico, sudoriental","Pacific Ocean","SE Pacific","Southern regions",33
"87",310,"SUBDIVISION","87.3.21",1,"Pacific","8","87.3","87.3.2","87.3.21",NA,76789849770.1921,"Pacific, Southeast","Pacifique, sud-est","Pacífico, sudoriental","Pacific Ocean","SE Pacific","Southern regions",7
"87",311,"SUBDIVISION","87.3.11",1,"Pacific","8","87.3","87.3.1","87.3.11",NA,99678445536.9294,"Pacific, Southeast","Pacifique, sud-est","Pacífico, sudoriental","Pacific Ocean","SE Pacific","Southern regions",28
"87",312,"SUBDIVISION","87.3.22",1,"Pacific","8","87.3","87.3.2","87.3.22",NA,81594241665.7101,"Pacific, Southeast","Pacifique, sud-est","Pacífico, sudoriental","Pacific Ocean","SE Pacific","Southern regions",6
"87",313,"SUBDIVISION","87.3.23",1,"Pacific","8","87.3","87.3.2","87.3.23",NA,202886664979.141,"Pacific, Southeast","Pacifique, sud-est","Pacífico, sudoriental","Pacific Ocean","SE Pacific","Southern regions",9
"27",314,"SUBDIVISION","27.10.a.2",1,"Atlantic","2","27.10","27.10.a","27.10.a.2",NA,795787656208.614,"Atlantic, Northeast","Atlantique, nord-est","Atlántico, nordeste","Atlantic Ocean and adjacent seas","NE Atlantic","Northern regions",34
"27",315,"SUBDIVISION","27.10.a.1",1,"Atlantic","2","27.10","27.10.a","27.10.a.1",NA,804969808450.076,"Atlantic, Northeast","Atlantique, nord-est","Atlántico, nordeste","Atlantic Ocean and adjacent seas","NE Atlantic","Northern regions",16
"27",316,"SUBDIVISION","27.9.b.1",1,"Atlantic","2","27.9","27.9.b","27.9.b.1",NA,303681705975.919,"Atlantic, Northeast","Atlantique, nord-est","Atlántico, nordeste","Atlantic Ocean and adjacent seas","NE Atlantic","Northern regions",11
"27",317,"SUBDIVISION","27.9.b.2",1,"Atlantic","2","27.9","27.9.b","27.9.b.2",NA,163955103301.162,"Atlantic, Northeast","Atlantique, nord-est","Atlántico, nordeste","Atlantic Ocean and adjacent seas","NE Atlantic","Northern regions",21
"58",318,"SUBDIVISION","58.4.4.a",1,"Indian","10","58.4","58.4.4","58.4.4.a",NA,1081615343857.05,"Indian Ocean, Antarctic","Océan Indien, Antarctique","Océano Índico, Antártico","Southern Ocean","Ind.antarctc","Southern regions",0
"58",319,"SUBDIVISION","58.4.4.b",1,"Indian","10","58.4","58.4.4","58.4.4.b",NA,1414438634492.39,"Indian Ocean, Antarctic","Océan Indien, Antarctique","Océano Índico, Antártico","Southern Ocean","Ind.antarctc","Southern regions",0
"87",320,"SUBDIVISION","87.3.12",1,"Pacific","8","87.3","87.3.1","87.3.12",NA,109486572284.604,"Pacific, Southeast","Pacifique, sud-est","Pacífico, sudoriental","Pacific Ocean","SE Pacific","Southern regions",25
"87",321,"SUBDIVISION","87.3.13",1,"Pacific","8","87.3","87.3.1","87.3.13",NA,239165052030.144,"Pacific, Southeast","Pacifique, sud-est","Pacífico, sudoriental","Pacific Ocean","SE Pacific","Southern regions",23
"58",322,"SUBDIVISION","58.4.3.b",1,"Indian","10","58.4","58.4.3","58.4.3.b",NA,680095190673.252,"Indian Ocean, Antarctic","Océan Indien, Antarctique","Océano Índico, Antártico","Southern Ocean","Ind.antarctc","Southern regions",1
"58",323,"SUBDIVISION","58.4.3.a",1,"Indian","10","58.4","58.4.3","58.4.3.a",NA,494880427509.492,"Indian Ocean, Antarctic","Océan Indien, Antarctique","Océano Índico, Antártico","Southern Ocean","Ind.antarctc","Southern regions",0
"27",324,"SUBDIVISION","27.8.e.1",1,"Atlantic","2","27.8","27.8.e","27.8.e.1",NA,248578592373.707,"Atlantic, Northeast","Atlantique, nord-est","Atlántico, nordeste","Atlantic Ocean and adjacent seas","NE Atlantic","Northern regions",7
"27",325,"SUBDIVISION","27.8.d.1",1,"Atlantic","2","27.8","27.8.d","27.8.d.1",NA,12525579502.9737,"Atlantic, Northeast","Atlantique, nord-est","Atlántico, nordeste","Atlantic Ocean and adjacent seas","NE Atlantic","Northern regions",6
"21",326,"SUBDIVISION","21.4.5.s",1,"Atlantic","2","21.4","21.4.V","21.4.5.s",NA,341096993356.747,"Atlantic, Northwest","Atlantique, nord-ouest","Atlántico, noroeste","Atlantic Ocean and adjacent seas","NW Atlantic","Northern regions",28
"21",327,"SUBDIVISION","21.5.Z.e",1,"Atlantic","2","21.5","21.5.Z","21.5.Z.e",NA,134917865258.089,"Atlantic, Northwest","Atlantique, nord-ouest","Atlántico, noroeste","Atlantic Ocean and adjacent seas","NW Atlantic","Northern regions",55
"21",328,"SUBDIVISION","21.5.Z.w",1,"Atlantic","2","21.5","21.5.Z","21.5.Z.w",NA,40166029298.3429,"Atlantic, Northwest","Atlantique, nord-ouest","Atlántico, noroeste","Atlantic Ocean and adjacent seas","NW Atlantic","Northern regions",57
"21",329,"SUBDIVISION","21.4.5.n",1,"Atlantic","2","21.4","21.4.V","21.4.5.n",NA,28738377530.2878,"Atlantic, Northwest","Atlantique, nord-ouest","Atlántico, noroeste","Atlantic Ocean and adjacent seas","NW Atlantic","Northern regions",20
"21",330,"SUBDIVISION","21.3.P.s",1,"Atlantic","2","21.3","21.3.P","21.3.P.s",NA,95022164280.2316,"Atlantic, Northwest","Atlantique, nord-ouest","Atlántico, noroeste","Atlantic Ocean and adjacent seas","NW Atlantic","Northern regions",23
"21",331,"SUBDIVISION","21.3.P.n",1,"Atlantic","2","21.3","21.3.P","21.3.P.n",NA,6951569127.99572,"Atlantic, Northwest","Atlantique, nord-ouest","Atlántico, noroeste","Atlantic Ocean and adjacent seas","NW Atlantic","Northern regions",13
"27",332,"SUBDIVISION","27.8.d.2",1,"Atlantic","2","27.8","27.8.d","27.8.d.2",NA,169382791674.476,"Atlantic, Northeast","Atlantique, nord-est","Atlántico, nordeste","Atlantic Ocean and adjacent seas","NE Atlantic","Northern regions",54
"27",333,"SUBDIVISION","27.7.j.1",1,"Atlantic","2","27.7","27.7.j","27.7.j.1",NA,2950846289.99927,"Atlantic, Northeast","Atlantique, nord-est","Atlántico, nordeste","Atlantic Ocean and adjacent seas","NE Atlantic","Northern regions",5
"27",334,"SUBDIVISION","27.7.k.1",1,"Atlantic","2","27.7","27.7.k","27.7.k.1",NA,117915352568.959,"Atlantic, Northeast","Atlantique, nord-est","Atlántico, nordeste","Atlantic Ocean and adjacent seas","NE Atlantic","Northern regions",5
"27",335,"SUBDIVISION","27.7.k.2",1,"Atlantic","2","27.7","27.7.k","27.7.k.2",NA,96589993516.0222,"Atlantic, Northeast","Atlantique, nord-est","Atlántico, nordeste","Atlantic Ocean and adjacent seas","NE Atlantic","Northern regions",19
"27",336,"SUBDIVISION","27.7.j.2",1,"Atlantic","2","27.7","27.7.j","27.7.j.2",NA,96519142138.1819,"Atlantic, Northeast","Atlantique, nord-est","Atlántico, nordeste","Atlantic Ocean and adjacent seas","NE Atlantic","Northern regions",60
"27",337,"SUBDIVISION","27.7.c.1",1,"Atlantic","2","27.7","27.7.c","27.7.c.1",NA,30133374430.4482,"Atlantic, Northeast","Atlantique, nord-est","Atlántico, nordeste","Atlantic Ocean and adjacent seas","NE Atlantic","Northern regions",5
"27",338,"SUBDIVISION","27.7.c.2",1,"Atlantic","2","27.7","27.7.c","27.7.c.2",NA,58447189222.9227,"Atlantic, Northeast","Atlantique, nord-est","Atlántico, nordeste","Atlantic Ocean and adjacent seas","NE Atlantic","Northern regions",24
"27",339,"SUBDIVISION","27.3.d.24",1,"Atlantic","2","27.3","27.3.d","27.3.d.24",NA,24221440389.8822,"Atlantic, Northeast","Atlantique, nord-est","Atlántico, nordeste","Atlantic Ocean and adjacent seas","NE Atlantic","Northern regions",8
"27",340,"SUBDIVISION","27.3.b.23",1,"Atlantic","2","27.3","27.3.b, c","27.3.b.23",NA,2518440502.07121,"Atlantic, Northeast","Atlantique, nord-est","Atlántico, nordeste","Atlantic Ocean and adjacent seas","NE Atlantic","Northern regions",0
"27",341,"SUBDIVISION","27.3.d.26",1,"Atlantic","2","27.3","27.3.d","27.3.d.26",NA,40567013841.3149,"Atlantic, Northeast","Atlantique, nord-est","Atlántico, nordeste","Atlantic Ocean and adjacent seas","NE Atlantic","Northern regions",2
"27",342,"SUBDIVISION","27.6.b.1",1,"Atlantic","2","27.6","27.6.b","27.6.b.1",NA,115507036472.314,"Atlantic, Northeast","Atlantique, nord-est","Atlántico, nordeste","Atlantic Ocean and adjacent seas","NE Atlantic","Northern regions",21
"27",343,"SUBDIVISION","27.6.b.2",1,"Atlantic","2","27.6","27.6.b","27.6.b.2",NA,106046496380.27,"Atlantic, Northeast","Atlantique, nord-est","Atlántico, nordeste","Atlantic Ocean and adjacent seas","NE Atlantic","Northern regions",24
"27",344,"SUBDIVISION","27.5.b.1",1,"Atlantic","2","27.5","27.5.b","27.5.b.1",NA,171335181082.527,"Atlantic, Northeast","Atlantique, nord-est","Atlántico, nordeste","Atlantic Ocean and adjacent seas","NE Atlantic","Northern regions",41
"27",345,"SUBDIVISION","27.12.a.1",1,"Atlantic","2","27.12","27.12.a","27.12.a.1",NA,883552289669.985,"Atlantic, Northeast","Atlantique, nord-est","Atlántico, nordeste","Atlantic Ocean and adjacent seas","NE Atlantic","Northern regions",5
"27",346,"SUBDIVISION","27.12.a.4",1,"Atlantic","2","27.12","27.12.a","27.12.a.4",NA,126813888528.754,"Atlantic, Northeast","Atlantique, nord-est","Atlántico, nordeste","Atlantic Ocean and adjacent seas","NE Atlantic","Northern regions",16
"27",347,"SUBDIVISION","27.5.a.1",1,"Atlantic","2","27.5","27.5.a","27.5.a.1",NA,17231906890.8201,"Atlantic, Northeast","Atlantique, nord-est","Atlántico, nordeste","Atlantic Ocean and adjacent seas","NE Atlantic","Northern regions",15
"27",348,"SUBDIVISION","27.14.b.1",1,"Atlantic","2","27.14","27.14.b","27.14.b.1",NA,164408476710.736,"Atlantic, Northeast","Atlantique, nord-est","Atlántico, nordeste","Atlantic Ocean and adjacent seas","NE Atlantic","Northern regions",5
"27",349,"SUBDIVISION","27.5.a.2",1,"Atlantic","2","27.5","27.5.a","27.5.a.2",NA,361529210813.242,"Atlantic, Northeast","Atlantique, nord-est","Atlántico, nordeste","Atlantic Ocean and adjacent seas","NE Atlantic","Northern regions",35
"27",350,"SUBDIVISION","27.14.b.2",1,"Atlantic","2","27.14","27.14.b","27.14.b.2",NA,509457021539.084,"Atlantic, Northeast","Atlantique, nord-est","Atlántico, nordeste","Atlantic Ocean and adjacent seas","NE Atlantic","Northern regions",19
"27",351,"SUBDIVISION","27.2.a.1",1,"Atlantic","2","27.2","27.2.a","27.2.a.1",NA,244365319069.97,"Atlantic, Northeast","Atlantique, nord-est","Atlántico, nordeste","Atlantic Ocean and adjacent seas","NE Atlantic","Northern regions",1
"27",352,"SUBDIVISION","27.2.b.1",1,"Atlantic","2","27.2","27.2.b","27.2.b.1",NA,72016703525.6458,"Atlantic, Northeast","Atlantique, nord-est","Atlántico, nordeste","Atlantic Ocean and adjacent seas","NE Atlantic","Northern regions",1
"27",353,"SUBDIVISION","27.2.b.2",1,"Atlantic","2","27.2","27.2.b","27.2.b.2",NA,1053158638495.09,"Atlantic, Northeast","Atlantique, nord-est","Atlántico, nordeste","Atlantic Ocean and adjacent seas","NE Atlantic","Northern regions",5
"27",354,"SUBDIVISION","27.8.e.2",1,"Atlantic","2","27.8","27.8.e","27.8.e.2",NA,55353578325.9307,"Atlantic, Northeast","Atlantique, nord-est","Atlántico, nordeste","Atlantic Ocean and adjacent seas","NE Atlantic","Northern regions",8
"27",355,"SUBDIVISION","27.5.b.2",1,"Atlantic","2","27.5","27.5.b","27.5.b.2",NA,20869421981.3754,"Atlantic, Northeast","Atlantique, nord-est","Atlántico, nordeste","Atlantic Ocean and adjacent seas","NE Atlantic","Northern regions",35
"27",356,"SUBDIVISION","27.12.a.3",1,"Atlantic","2","27.12","27.12.a","27.12.a.3",NA,55149053292.8409,"Atlantic, Northeast","Atlantique, nord-est","Atlántico, nordeste","Atlantic Ocean and adjacent seas","NE Atlantic","Northern regions",2
"27",357,"SUBDIVISION","27.12.a.2",1,"Atlantic","2","27.12","27.12.a","27.12.a.2",NA,5021837574.64173,"Atlantic, Northeast","Atlantique, nord-est","Atlántico, nordeste","Atlantic Ocean and adjacent seas","NE Atlantic","Northern regions",3
"27",358,"SUBDIVISION","27.2.a.2",1,"Atlantic","2","27.2","27.2.a","27.2.a.2",NA,1188538714246.64,"Atlantic, Northeast","Atlantique, nord-est","Atlántico, nordeste","Atlantic Ocean and adjacent seas","NE Atlantic","Northern regions",39
"27",359,"SUBDIVISION","27.3.c.22",1,"Atlantic","2","27.3","27.3.b, c","27.3.c.22",NA,17970092747.8878,"Atlantic, Northeast","Atlantique, nord-est","Atlántico, nordeste","Atlantic Ocean and adjacent seas","NE Atlantic","Northern regions",10
"27",360,"SUBDIVISION","27.3.d.27",1,"Atlantic","2","27.3","27.3.d","27.3.d.27",NA,33421397772.6861,"Atlantic, Northeast","Atlantique, nord-est","Atlántico, nordeste","Atlantic Ocean and adjacent seas","NE Atlantic","Northern regions",2
"27",361,"SUBDIVISION","27.3.d.28",1,"Atlantic","2","27.3","27.3.d","27.3.d.28",NA,55541856397.1028,"Atlantic, Northeast","Atlantique, nord-est","Atlántico, nordeste","Atlantic Ocean and adjacent seas","NE Atlantic","Northern regions",2
"27",362,"SUBDIVISION","27.3.d.29",1,"Atlantic","2","27.3","27.3.d","27.3.d.29",NA,49657540695.3582,"Atlantic, Northeast","Atlantique, nord-est","Atlántico, nordeste","Atlantic Ocean and adjacent seas","NE Atlantic","Northern regions",2
"27",363,"SUBDIVISION","27.3.d.32",1,"Atlantic","2","27.3","27.3.d","27.3.d.32",NA,31329576604.1433,"Atlantic, Northeast","Atlantique, nord-est","Atlántico, nordeste","Atlantic Ocean and adjacent seas","NE Atlantic","Northern regions",2
"27",364,"SUBDIVISION","27.3.d.30",1,"Atlantic","2","27.3","27.3.d","27.3.d.30",NA,65255831633.5523,"Atlantic, Northeast","Atlantique, nord-est","Atlántico, nordeste","Atlantic Ocean and adjacent seas","NE Atlantic","Northern regions",2
"27",365,"SUBDIVISION","27.3.d.31",1,"Atlantic","2","27.3","27.3.d","27.3.d.31",NA,36280793699.4332,"Atlantic, Northeast","Atlantique, nord-est","Atlántico, nordeste","Atlantic Ocean and adjacent seas","NE Atlantic","Northern regions",2
"27",366,"SUBDIVISION","27.3.d.25",1,"Atlantic","2","27.3","27.3.d","27.3.d.25",NA,43886393743.9141,"Atlantic, Northeast","Atlantique, nord-est","Atlántico, nordeste","Atlantic Ocean and adjacent seas","NE Atlantic","Northern regions",4
"27",367,"SUBDIVISION","27.3.a.21",1,"Atlantic","2","27.3","27.3.a","27.3.a.21",NA,20458567112.8815,"Atlantic, Northeast","Atlantique, nord-est","Atlántico, nordeste","Atlantic Ocean and adjacent seas","NE Atlantic","Northern regions",12
"27",368,"SUBDIVISION","27.3.a.20",1,"Atlantic","2","27.3","27.3.a","27.3.a.20",NA,34485175173.9246,"Atlantic, Northeast","Atlantique, nord-est","Atlántico, nordeste","Atlantic Ocean and adjacent seas","NE Atlantic","Northern regions",24
"21",369,"SUBUNIT","21.5.Z.u",1,"Atlantic","2","21.5","21.5.Z","21.5.Z.e","21.5.Z.u",121091985273.379,"Atlantic, Northwest","Atlantique, nord-ouest","Atlántico, noroeste","Atlantic Ocean and adjacent seas","NW Atlantic","Northern regions",55
"21",370,"SUBUNIT","21.5.Z.c",1,"Atlantic","2","21.5","21.5.Z","21.5.Z.e","21.5.Z.c",13825879984.7108,"Atlantic, Northwest","Atlantique, nord-ouest","Atlántico, noroeste","Atlantic Ocean and adjacent seas","NW Atlantic","Northern regions",29
"27",371,"SUBUNIT","27.5.b.1.a",1,"Atlantic","2","27.5","27.5.b","27.5.b.1","27.5.b.1.a",5506172036.91037,"Atlantic, Northeast","Atlantique, nord-est","Atlántico, nordeste","Atlantic Ocean and adjacent seas","NE Atlantic","Northern regions",10
"27",372,"SUBUNIT","27.5.b.1.b",1,"Atlantic","2","27.5","27.5.b","27.5.b.1","27.5.b.1.b",165829009045.617,"Atlantic, Northeast","Atlantique, nord-est","Atlántico, nordeste","Atlantic Ocean and adjacent seas","NE Atlantic","Northern regions",41
"27",373,"SUBUNIT","27.3.d.28.2",1,"Atlantic","2","27.3","27.3.d","27.3.d.28","27.3.d.28.2",39512591238.9758,"Atlantic, Northeast","Atlantique, nord-est","Atlántico, nordeste","Atlantic Ocean and adjacent seas","NE Atlantic","Northern regions",2
"27",374,"SUBUNIT","27.3.d.28.1",1,"Atlantic","2","27.3","27.3.d","27.3.d.28","27.3.d.28.1",16029272324.0957,"Atlantic, Northeast","Atlantique, nord-est","Atlántico, nordeste","Atlantic Ocean and adjacent seas","NE Atlantic","Northern regions",2
